{"cameraMode":{"drawMode":0,"name":"Shaded","section":"Shading Mode"},"sceneLighting":false,"audioPlay":false,"sceneViewState":{"showFog":true,"showMaterialUpdate":false,"showSkybox":true,"showFlares":true,"showImageEffects":true,"showParticleSystems":true},"in2DMode":false,"pivot":{"x":9.0,"y":0.8500000238418579,"z":-0.8100000023841858},"rotation":{"x":-0.0032664102036505939,"y":0.9502781629562378,"z":-0.3112253248691559,"w":-0.009978585876524449},"size":2.424995183944702,"orthographic":true}