{"cameraMode":{"drawMode":0,"name":"Shaded","section":"Shading Mode"},"sceneLighting":false,"audioPlay":false,"sceneViewState":{"showFog":true,"showMaterialUpdate":false,"showSkybox":true,"showFlares":true,"showImageEffects":true,"showParticleSystems":true},"in2DMode":false,"pivot":{"x":6.944745063781738,"y":0.47790220379829409,"z":-1.7196574211120606},"rotation":{"x":0.003947669640183449,"y":0.988807201385498,"z":0.026706665754318239,"w":-0.14673613011837007},"size":2.3288540840148927,"orthographic":true}