{"cameraMode":{"drawMode":0,"name":"Shaded","section":"Shading Mode"},"sceneLighting":false,"audioPlay":false,"sceneViewState":{"showFog":true,"showMaterialUpdate":false,"showSkybox":true,"showFlares":true,"showImageEffects":true,"showParticleSystems":true},"in2DMode":false,"pivot":{"x":3.372506618499756,"y":0.9276334047317505,"z":-0.755599319934845},"rotation":{"x":0.003947669640183449,"y":0.988807201385498,"z":0.026706665754318239,"w":-0.14673613011837007},"size":5.067058563232422,"orthographic":true}